{
  "date": "2023-10-03T19:22:46.193Z",
  "body": "\n\nO Plug anal é muito mais que uma joia para o ânus! O plug anal vai te ajudar a:\n\n* Relaxar o esfincter (músculo anal)\n* Preparar para a penetração anal\n* Causar a sensação de um canal vaginal mais apertado e\n* Simular Dupla Penetração\n\n\n\nE﻿ há vários modelos que você pode escolher: Desde o [modelo de silicone](https://sensacoessex.com.br/plug-anal-macio-11cm) que é mais macio e vai aumentando gradativamente a espessura até os modelos com[ vibrador e controle remoto](https://sensacoessex.com.br/plug-anal-vibratorio-com-controle-remoto) para deixar o sexo anal ainda mais prazeroso!!\n\nC﻿onheça todas as opções de plugs disponíveis em nosso site: [Plugs Anal](https://sensacoessex.com.br/plug-anal)",
  "title": "Para que serve o Plug Anal",
  "meta_title": "Qual a função do Plug anal",
  "meta_description": "Plug anal de silicone"
}