{
  "date": "2022-12-08T18:38:00.000Z",
  "title": "Você investe no seu relacionamento?",
  "thumbnail": "",
  "body": "Pensa num tema difícil de escrever?\n\nJá tentei gravar vídeo, já escrevi esse texto mil vezes e apaguei...\\\nMas porquê é tão difícil falar sobre \"Investir na Relação\"?\\\nPorque INVESTIR significa que eu vou ter que sair da minha zona de conforto. E sair da zona de conforto dói, é chato, incomoda...\n\nSignifica que EU vou ter que agir ao invés de esperar que minha parceria faça tudo!\n\nAgora pensa como isso fica ainda mais difícil quando esse relacionamento é consigo mesma(o) e aí meu bem... A situação fica ainda mais complicada porque se você não se mexer, não vai ter ninguém tentando te ajudar!\n\nAcho que um grande erro que temos é pensar que investir no relacionamento é fazer gestos enormes, caros, grandiosos, que saia na internet de preferência... Credito essa culpa por causa dos filmes que assistíamos enquanto adolescentes que as \"provas de amor\" eram buquês com 100 rosas vermelhas (de preferência depois de uma briga pesada onde o indivíduo prefere dar um buquê do que pedir desculpas e mudar de atitude!).\n\nPuxando para o lado mais íntimo, vejo muitos casais que só se preocupam em investir no relacionamento quando chega o Dia dos Namorados ou é aniversário de casamento/ namoro.\n\nGosto muito de usar uma frase que é assim: *\"Regar a planta um dia não faz ela crescer!\"*\n\nO casal que se preocupa em trocar carícias ao longo do dia (sejam carícias presenciais ou virtuais!), não esperam o Dia dos Namorados para usar aquele [óleo de massagem](https://sensacoessex.com.br/gel-para-massagem-corpo-a-corpo-massaji-500g) que tanto queriam não sobrecarregam o relacionamento.\n\nÉ muito gratificante ver casais que \"disputam\" na hora de inovar...\n\nSe a esposa chega com um [Lubrificante com Sabor](https://sensacoessex.com.br/lubrificante-beijavel-hot-premium-60g), o marido vai lá e leva um [Vibrador Líquido...](https://sensacoessex.com.br/vibrador-liquido-shock-g-15g)\n\nO marido comprou um [gel para oral](https://sensacoessex.com.br/gel-beijavel-beijo-grego-20g), o esposo vai lá e compra um [Masturbador pro Mozão...](https://sensacoessex.com.br/masturbador-realistico-com-bumbum-e-vagina-paola)\n\nA namorada compra um [Estimulador de Clitóris](https://sensacoessex.com.br/vibrador-rosa-2-em-1-recarregavel) pra dar de presente pra amada. A amada vai lá e compra um [plug anal](https://sensacoessex.com.br/plug-anal-vibratorio-com-controle-remoto)...\n\nE assim vai girando o ciclo do \"investimento no relacionamento\".\n\n\n\n***E quando o relacionamento é próprio? Você e seu amor próprio?***\n\nÀs vezes fica mais difícil do que relacionar com outra pessoa porque vamos passando outras prioridades na frente e o bem-estar íntimo fica sempre para depois.\n\nDurante a Pandemia, muitas pessoas adquiriram seu [primeiro vibrador](https://sensacoessex.com.br/vibradores) ou [masturbador ](https://sensacoessex.com.br/masturbadores)por que não tinham com quem relacionar.\n\nAgora que a pandemia está no fim, muitos esqueceram que precisam continuar com o amor próprio (lembra da minha frase?). Não tem como você amar ao próximo sem se amar primeiro!\n\nÉ fácil? **NÃO!**\n\nMas tudo que queremos melhorar em nossa vida demanda mudanças, foco, planejamento.\n\nSe você não é o rei ou rainha da memória, coloca um lembrete (gosto muito de usar o [Google Keep](https://keep.google.com/)!) pra te ajudar! Seja no planejamento de momentos só para vocês ou na programação de itens para o seu Kit Sex Shop!\n\nComo andam os seus investimentos?\n\n(﻿31) 99141-3025\n\n[s﻿ensacoessex.com.br](https://sensacoessex.com.br/)",
  "meta_title": "Você investe em seu relacionamento?",
  "meta_description": "Tirar o relacionamento da rotina nem sempre é fácil mas vem pegar essas dicas e começar o seu planejamento para uma vida amorosa muito mais prazerosa."
}