{
  "assetsByChunkName": {
    "vendors~app-account~app-checkout~app-confirmation~app-order": "chunk.96a29556ceb32469779b.js",
    "vendors~app-account~app-confirmation~app-order": "chunk.7d2b1e54902f942baa43.js",
    "vendors~app-account~app-checkout": "chunk.23ea0ed8460eb633a94e.js",
    "admin": [
      "admin.76ff94775ccd0925b392.js",
      "admin.76ff94775ccd0925b392.js.map"
    ],
    "app-account": "chunk.d8a77af8bdfc3cf6af8a.js",
    "app-confirmation": "chunk.a84db68c997966c71f54.js",
    "app-order": "chunk.c92d2278a116b9645eef.js",
    "checkout": [
      "checkout.975fca5f9d5b8dc4f4a4.js",
      "checkout.975fca5f9d5b8dc4f4a4.js.map"
    ],
    "storefront": [
      "storefront.9503f2fc93b52e1219da.css",
      "storefront.a6d86d67cce367a99e84.js",
      "storefront.9503f2fc93b52e1219da.css.map",
      "storefront.a6d86d67cce367a99e84.js.map"
    ],
    "vendors~app-cart": "chunk.89238a56b5643c1b7c7e.js",
    "vendors~app-checkout": "chunk.4408a5be395f8ccd3b3f.js"
  }
}