{
  "description": {
    "title": "Sexy Shop",
    "text": "Sensações Sex Shop é uma loja virtual de cosméticos sensuais desde 2015 com Escritório localizado no bairro Palmeiras/Ibirité-MG. Produtos eróticos selecionados para atender ao seu momento de prazer! Seu sexy shop na palma da mão com total sigilo, discrição e entrega rápida! Todos os nossos produtos são a pronta entrega (já estão no estoque) para que você sinta Sensações incríveis sempre que precisar! Embalagens sem referência a sexshop."
  },
  "links_1": {
    "list_pages": true,
    "title": "Páginas",
    "list": [
      {
        "text": "Blog",
        "url": "https://sensacoessex.com.br/blog"
      }
    ]
  },
  "links_2": {
    "list_categories": true,
    "title": "Categorias",
    "list": []
  },
  "contacts": {
    "title": "Contatos",
    "phone_wpp": true,
    "socials": true,
    "email": true,
    "address": true
  },
  "stamps": [
    {
      "src": "/img/uploads/ssl-safe.png",
      "alt": "Secure connection"
    }
  ],
  "payment_methods": {
    "bb": false,
    "visa": true,
    "boleto": false,
    "aura": false,
    "banrisul": false,
    "elo": true,
    "hipercard": false,
    "hsbc": false,
    "bradesco": false,
    "santander": false,
    "mastercard": true,
    "citibank": false,
    "mais": false,
    "pix": true,
    "itau": false
  },
  "credits": ""
}