{
  "marketing_stripe": {
    "text": "",
    "link": "https://sensacoessex.com.br/pages/entrega",
    "background": "#121111"
  },
  "contacts_stripe": {
    "pages": [
      {
        "title": "Sobre nós",
        "link": "/pages/sobre-nos"
      },
      {
        "title": "Blog",
        "link": "https://sensacoessex.com.br/blog"
      }
    ],
    "phone_wpp": true,
    "socials": true
  },
  "categories_list": {
    "featured": [
      "/acessorios?ACESSÓRIOS",
      "/cosmeticos?COSMÉTICOS",
      "/fantasias?FANTASIAS E LINGERIES",
      "/higiene?HIGIENE",
      "/masturbadores?MASTURBADORES",
      "/prazer-anal?PRAZER ANAL",
      "/proteses?PRÓTESES",
      "/sado-fetiches?SADO & FETICHES",
      "/vibradores?VIBRADORES"
    ],
    "random": 0,
    "full_width": true
  },
  "desktop_megamenu": false,
  "search_input": true,
  "alphabetical_order_submenu": true,
  "full_width_submenu": true
}