{
  "meta_title": "Sensações Sex Shop - Loja Online Ibirité",
  "meta_description": "Seu sexshop na palma da mão! Entrega rápida e discreta!",
  "sections": [
    {
      "type": "banner-slider",
      "autoplay": 11000,
      "full_width": true,
      "slides": [
        {
          "start": "",
          "end": "",
          "img": "/img/uploads/frete-gratis-1920-x-500-px-1-.png",
          "mobile_img": "/img/uploads/frete-gratis-2-.png",
          "link": "https://sensacoessex.com.br/pages/entrega"
        }
      ]
    },
    {
      "type": "info-bar",
      "enabled": true
    },
    {
      "type": "collection-shelf",
      "shuffle": true,
      "collection_id": null,
      "sort": "offers",
      "title": "",
      "headless": false,
      "limit": 14,
      "page": 1
    },
    {
      "type": "collection-shelf",
      "shuffle": true,
      "limit": 12,
      "page": 1,
      "collection_id": "60d112f3d24de4526faab07a:categories:VIBRADORES:/vibradores",
      "sort": "news"
    },
    {
      "type": "collection-shelf",
      "shuffle": true,
      "limit": 12,
      "page": 1,
      "collection_id": "60d1139bd24de4526faab0fe:categories:MASTURBADORES:/masturbadores",
      "sort": "highest_price"
    },
    {
      "type": "breadcrumbs",
      "enabled": true
    },
    {
      "type": "custom-html",
      "html": "<script src=\"https://www.mercadopago.com/v2/security.js\" view=\"home\"></script>"
    },
    {
      "type": "dynamic-showcase",
      "load_more": true,
      "sort": "news"
    }
  ]
}